"Agrupación","AverageShortestPathLength","BetweennessCentrality","Categoría","ClosenessCentrality","ClusteringCoefficient","Degree","Eccentricity","Grupo Regional","IsSingleNode","Matching.Attribute","name","NeighborhoodConnectivity","NumberOfDirectedEdges","NumberOfUndirectedEdges","ODS","PartnerOfMultiEdgedNodePairs","Radiality","selected","SelfLoops","shared name","Stress","TopologicalCoefficient"
"EFS","3.50381679389313","3.543874136186108E-4","","0.28540305010893247","0.0","2","6","AFROSAI","false","Zambia","Zambia","13.5","0","2","","0","0.9701926572155579","false","0","Zambia","2128","0.5"
"EFS","0.0","0.0","","0.0","0.0","0","0","","true","Yemen","Yemen","0.0","0","0","","0","Infinity","false","0","Yemen","0","0.0"
"EFS","0.0","0.0","","0.0","0.0","0","0","","true","Western Australia","Western Australia","0.0","0","0","","0","Infinity","false","0","Western Australia","0","0.0"
"EFS","3.946564885496183","1.1552856595293539E-4","","0.25338491295938104","0.0","2","6","ASOSAI","false","Vietnam","Vietnam","10.5","0","2","","0","0.9649218466012359","false","0","Vietnam","536","0.6333333333333333"
"EFS","0.0","0.0","","0.0","0.0","0","0","","true","Victoria","Victoria","0.0","0","0","","0","Infinity","false","0","Victoria","0","0.0"
"EFS","2.801526717557252","0.013017670528459186","","0.3569482288828338","0.0","13","5","OLACEFS","false","Venezuela","Venezuela","19.615384615384617","0","13","","0","0.9785532533624137","false","0","Venezuela","97170","0.2270168855534709"
"EFS","0.0","0.0","","0.0","0.0","0","0","","true","Vanuatu","Vanuatu","0.0","0","0","","0","Infinity","false","0","Vanuatu","0","0.0"
"EFS","3.4427480916030535","0.0022135042824074475","","0.29046563192904656","0.0","4","7","OLACEFS","false","Uruguay","Uruguay","22.75","0","4","","0","0.9709196655761542","false","0","Uruguay","5156","0.41037735849056606"
"EFS","3.50381679389313","1.4739603816062716E-4","","0.28540305010893247","0.0","2","6","AFROSAI","false","Uganda","Uganda","19.0","0","2","","0","0.9701926572155579","false","0","Uganda","2106","0.72"
"EFS","2.9083969465648853","0.004908678109409069","","0.34383202099737536","0.0","9","5","EUROSAI","false","Ucrania","Ucrania","16.0","0","9","","1","0.9772809887313704","false","0","Ucrania","31006","0.2054794520547945"
"EFS","3.7709923664122136","4.2714371618594085E-4","","0.2651821862348178","0.0","2","6","PASAI","false","Tuvalu","Tuvalu","12.5","0","2","","0","0.9670119956379498","false","0","Tuvalu","27814","0.8214285714285714"
"EFS","3.3435114503816794","6.057912865148569E-4","","0.2990867579908676","0.0","6","6","EUROSAI","false","Turquia","Turquia","15.8","0","6","","1","0.9721010541621228","false","0","Turquia","3644","0.4111111111111111"
"EFS","3.8396946564885495","9.59205244881508E-4","","0.26043737574552683","0.0","2","6","ARABOSAI","false","Tunisia","Tunisia","5.5","0","2","","0","0.9661941112322792","false","0","Tunisia","20630","0.5"
"EFS","0.0","0.0","","0.0","0.0","0","0","","true","Tunez","Tunez","0.0","0","0","","0","Infinity","false","0","Tunez","0","0.0"
"EFS","4.786259541984733","4.710897440049447E-4","","0.20893141945773525","0.0","2","7","CAROSAI","false","Trinidad y Tabago","Trinidad y Tabago","5.0","0","2","","0","0.9549254816430389","false","0","Trinidad y Tabago","2506","0.5"
"EFS","3.763358778625954","9.181417218708838E-4","","0.2657200811359026","0.0","3","6","PASAI","false","Tonga","Tonga","9.666666666666666","0","3","","0","0.9671028716830243","false","0","Tonga","48626","0.6190476190476191"
"EFS","3.50381679389313","1.4739603816062716E-4","","0.28540305010893247","0.0","2","6","AFROSAI","false","Togo","Togo","19.0","0","2","","0","0.9701926572155579","false","0","Togo","2106","0.72"
"EFS","0.0","0.0","","0.0","0.0","0","0","","true","Timor-Leste","Timor-Leste","0.0","0","0","","0","Infinity","false","0","Timor-Leste","0","0.0"
"EFS","0.0","0.0","","0.0","0.0","0","0","","true","TChad","TChad","0.0","0","0","","0","Infinity","false","0","TChad","0","0.0"
"EFS","0.0","0.0","","0.0","0.0","0","0","","true","Tayikistan","Tayikistan","0.0","0","0","","0","Infinity","false","0","Tayikistan","0","0.0"
"EFS","3.3282442748091605","6.772952726282633E-4","","0.30045871559633025","0.0","4","6","AFROSAI","false","Tanzania","Tanzania","18.333333333333332","0","4","","1","0.9722828062522718","false","0","Tanzania","5332","0.5252525252525253"
"EFS","0.0","0.0","","0.0","0.0","0","0","","true","Tailandia","Tailandia","0.0","0","0","","0","Infinity","false","0","Tailandia","0","0.0"
"EFS","3.7404580152671754","0.0012403843265286329","","0.26734693877551025","0.0","2","6","CAROSAI","false","Suriname","Suriname","8.5","0","2","","0","0.9673754998182479","false","0","Suriname","13010","0.6818181818181818"
"EFS","3.045801526717557","0.004132939080331859","","0.32832080200501257","0.0","4","6","OLACEFS","false","Suiza","Suiza","21.0","0","4","","0","0.9756452199200292","false","0","Suiza","15582","0.31746031746031744"
"EFS","3.1068702290076335","6.665317628701603E-4","","0.32186732186732187","0.0","3","6","OLACEFS","false","Suecia","Suecia","22.333333333333332","0","3","","0","0.9749182115594328","false","0","Suecia","5646","0.38095238095238093"
"EFS","0.0","0.0","","0.0","0.0","0","0","","true","Sudan del Sur","Sudan del Sur","0.0","0","0","","0","Infinity","false","0","Sudan del Sur","0","0.0"
"EFS","3.519083969465649","0.0011276483930906678","","0.2841648590021692","0.0","2","6","AFROSAI","false","Sudan","Sudan","14.0","0","2","","0","0.9700109051254089","false","0","Sudan","1796","0.5"
"EFS","3.3282442748091605","6.772952726282633E-4","","0.30045871559633025","0.0","4","6","AFROSAI","false","Sudafrica","Sudafrica","18.333333333333332","0","4","","1","0.9722828062522718","false","0","Sudafrica","5332","0.5252525252525253"
"EFS","0.0","0.0","","0.0","0.0","0","0","","true","Sri Lanka","Sri Lanka","0.0","0","0","","0","Infinity","false","0","Sri Lanka","0","0.0"
"EFS","0.0","0.0","","0.0","0.0","0","0","","true","Somalia","Somalia","0.0","0","0","","0","Infinity","false","0","Somalia","0","0.0"
"EFS","0.0","0.0","","0.0","0.0","0","0","","true","Singapur","Singapur","0.0","0","0","","0","Infinity","false","0","Singapur","0","0.0"
"EFS","3.3206106870229006","0.0011584986815061844","","0.30114942528735633","0.0","5","6","AFROSAI","false","Sierra Leona","Sierra Leona","14.75","0","5","","1","0.9723736822973463","false","0","Sierra Leona","7614","0.4166666666666667"
"EFS","0.0","0.0","","0.0","0.0","0","0","","true","Seychelles","Seychelles","0.0","0","0","","0","Infinity","false","0","Seychelles","0","0.0"
"EFS","3.2061068702290076","0.002831045906247962","","0.3119047619047619","0.0","9","5","EUROSAI","false","Serbia","Serbia","13.428571428571429","0","9","","1","0.9737368229734642","false","0","Serbia","12496","0.30313588850174217"
"EFS","3.50381679389313","1.4739603816062716E-4","","0.28540305010893247","0.0","2","6","AFROSAI","false","Senegal","Senegal","19.0","0","2","","0","0.9701926572155579","false","0","Senegal","2106","0.72"
"EFS","0.0","0.0","","0.0","0.0","0","0","","true","Santo Tome y Principe","Santo Tome y Principe","0.0","0","0","","0","Infinity","false","0","Santo Tome y Principe","0","0.0"
"EFS","0.0","0.0","","0.0","0.0","0","0","","true","Santa Sede / Vaticano","Santa Sede / Vaticano","0.0","0","0","","0","Infinity","false","0","Santa Sede / Vaticano","0","0.0"
"EFS","3.8091603053435112","0.0012156126124080134","","0.26252505010020044","0.0","2","6","CAROSAI","false","Santa Lucia","Santa Lucia","6.0","0","2","","0","0.9665576154125772","false","0","Santa Lucia","12296","0.5"
"EFS","0.0","0.0","","0.0","0.0","0","0","","true","San Vicente y las Granadinas","San Vicente y las Granadinas","0.0","0","0","","0","Infinity","false","0","San Vicente y las Granadinas","0","0.0"
"EFS","0.0","0.0","","0.0","0.0","0","0","","true","San Martin","San Martin","0.0","0","0","","0","Infinity","false","0","San Martin","0","0.0"
"EFS","3.763358778625954","8.997127936698409E-4","","0.2657200811359026","0.0","3","6","PASAI","false","Samoa","Samoa","11.0","0","3","","0","0.9671028716830243","false","0","Samoa","55658","0.7142857142857143"
"EFS","3.7404580152671754","0.0012403843265286329","","0.26734693877551025","0.0","2","6","CAROSAI","false","Saint Kitts y Nevis","Saint Kitts y Nevis","8.5","0","2","","0","0.9673754998182479","false","0","Saint Kitts y Nevis","13010","0.6818181818181818"
"EFS","3.3435114503816794","3.4589463392554505E-4","","0.2990867579908676","0.0","2","6","AFROSAI","false","Rwanda","Rwanda","20.0","0","2","","0","0.9721010541621228","false","0","Rwanda","2686","0.59375"
"EFS","2.954198473282443","0.0035180934221108874","","0.33850129198966405","0.0","9","5","OLACEFS","false","Rumania","Rumania","19.0","0","9","","1","0.9767357324609233","false","0","Rumania","23374","0.2647058823529412"
"EFS","2.732824427480916","0.018726648825157614","","0.36592178770949724","0.0","20","5","OLACEFS","false","Republica Dominicana","Republica Dominicana","16.55","0","20","","0","0.9793711377680843","false","0","Republica Dominicana","102078","0.18294117647058825"
"EFS","0.0","0.0","","0.0","0.0","0","0","","true","Republica Democratica Popular Lao","Republica Democratica Popular Lao","0.0","0","0","","0","Infinity","false","0","Republica Democratica Popular Lao","0","0.0"
"EFS","4.0458015267175576","3.8035107464776525E-4","","0.2471698113207547","0.0","2","7","AFROSAI","false","Republica Democratica Del Congo","Republica Democratica Del Congo","17.0","0","2","","0","0.9637404580152672","false","0","Republica Democratica Del Congo","694","0.5161290322580645"
"EFS","4.465648854961832","7.554558601097932E-5","","0.22393162393162394","0.0","2","7","ASOSAI","false","Republica de Corea","Republica de Corea","11.0","0","2","","0","0.9587422755361688","false","0","Republica de Corea","138","0.6666666666666666"
"EFS","0.0","0.0","","0.0","0.0","0","0","","true","Republica de Comoras","Republica de Comoras","0.0","0","0","","0","Infinity","false","0","Republica de Comoras","0","0.0"
"EFS","2.8702290076335877","0.013326458628812531","","0.3484042553191489","0.0","11","6","EUROSAI","false","Republica Checa","Republica Checa","13.9","0","11","","1","0.9777353689567431","false","0","Republica Checa","59742","0.16329113924050634"
"EFS","0.0","0.0","","0.0","0.0","0","0","","true","Republica Centroafricana","Republica Centroafricana","0.0","0","0","","0","Infinity","false","0","Republica Centroafricana","0","0.0"
"EFS","0.0","0.0","","0.0","0.0","0","0","","true","Republica Arabe Siria","Republica Arabe Siria","0.0","0","0","","0","Infinity","false","0","Republica Arabe Siria","0","0.0"
"EFS","0.0","0.0","","0.0","0.0","0","0","","true","Reino Unido","Reino Unido","0.0","0","0","","0","Infinity","false","0","Reino Unido","0","0.0"
"EFS","0.0","0.0","","0.0","0.0","0","0","","true","Queensland","Queensland","0.0","0","0","","0","Infinity","false","0","Queensland","0","0.0"
"EFS","0.0","0.0","","0.0","0.0","0","0","","true","Qatar","Qatar","0.0","0","0","","0","Infinity","false","0","Qatar","0","0.0"
"EFS","3.4580152671755724","1.3347385768593757E-4","","0.28918322295805743","0.0","2","7","OLACEFS","false","Puerto Rico","Puerto Rico","33.0","0","2","","0","0.9707379134860051","false","0","Puerto Rico","1210","0.6037735849056604"
"EFS","2.8702290076335877","0.010499691835498825","","0.3484042553191489","0.0","14","5","OLACEFS","false","Portugal","Portugal","18.666666666666668","0","14","","2","0.9777353689567431","false","0","Portugal","77064","0.23873873873873874"
"EFS","2.8625954198473282","0.008802107861043825","","0.34933333333333333","0.0","16","5","EUROSAI","false","Polonia","Polonia","14.666666666666666","0","16","","2","0.9778262450018176","false","0","Polonia","47674","0.18222222222222223"
"EFS","0.0","0.0","","0.0","0.0","0","0","","true","Polinesia Francesa","Polinesia Francesa","0.0","0","0","","0","Infinity","false","0","Polinesia Francesa","0","0.0"
"EFS","2.7022900763358777","0.030266126824582067","","0.3700564971751413","0.0","24","5","OLACEFS","false","Peru","Peru","15.333333333333334","0","24","","0","0.9797346419483823","false","0","Peru","147350","0.16862745098039217"
"EFS","2.786259541984733","0.011099509306042475","","0.35890410958904106","0.0","26","5","OLACEFS","false","Paraguay","Paraguay","16.884615384615383","0","26","","0","0.9787350054525626","false","0","Paraguay","185848","0.223726977248104"
"EFS","3.7709923664122136","4.2714371618594085E-4","","0.2651821862348178","0.0","2","6","PASAI","false","Papua Nueva Guinea","Papua Nueva Guinea","12.5","0","2","","0","0.9670119956379498","false","0","Papua Nueva Guinea","27814","0.8214285714285714"
"EFS","3.450381679389313","3.96220876228507E-4","","0.28982300884955753","0.0","4","7","OLACEFS","false","Panama","Panama","22.25","0","4","","0","0.9708287895310797","false","0","Panama","2094","0.4009433962264151"
"EFS","0.0","0.0","","0.0","0.0","0","0","","true","Palestina","Palestina","0.0","0","0","","0","Infinity","false","0","Palestina","0","0.0"
"EFS","3.7709923664122136","4.2714371618594085E-4","","0.2651821862348178","0.0","2","6","PASAI","false","Palau","Palau","12.5","0","2","","0","0.9670119956379498","false","0","Palau","27814","0.8214285714285714"
"EFS","0.0","0.0","","0.0","0.0","0","0","","true","Pakistan","Pakistan","0.0","0","0","","0","Infinity","false","0","Pakistan","0","0.0"
"EFS","3.3053435114503817","0.004134512933213381","","0.302540415704388","0.0","6","6","EUROSAI","false","Paises Bajos","Paises Bajos","11.5","0","6","","0","0.9725554343874954","false","0","Paises Bajos","14902","0.25609756097560976"
"EFS","0.0","0.0","","0.0","0.0","0","0","","true","Ouzbekistan","Ouzbekistan","0.0","0","0","","0","Infinity","false","0","Ouzbekistan","0","0.0"
"EFS","3.8473282442748094","8.574376315433468E-4","","0.2599206349206349","0.0","2","6","ARABOSAI","false","Oman","Oman","6.0","0","2","","0","0.9661032351872046","false","0","Oman","17870","0.5555555555555556"
"EFS","0.0","0.0","","0.0","0.0","0","0","","true","Nueva Zelandia","Nueva Zelandia","0.0","0","0","","0","Infinity","false","0","Nueva Zelandia","0","0.0"
"EFS","3.114503816793893","2.522383243327687E-4","","0.32107843137254904","0.0","2","6","OLACEFS","false","Noruega","Noruega","30.5","0","2","","0","0.9748273355143583","false","0","Noruega","3908","0.5267857142857143"
"EFS","3.3435114503816794","3.4589463392554505E-4","","0.2990867579908676","0.0","2","6","AFROSAI","false","Nigeria","Nigeria","20.0","0","2","","0","0.9721010541621228","false","0","Nigeria","2686","0.59375"
"EFS","3.50381679389313","1.4739603816062716E-4","","0.28540305010893247","0.0","2","6","AFROSAI","false","Niger","Niger","19.0","0","2","","0","0.9701926572155579","false","0","Niger","2106","0.72"
"EFS","3.450381679389313","1.7259456615449902E-4","","0.28982300884955753","0.0","3","7","OLACEFS","false","Nicaragua","Nicaragua","29.666666666666668","0","3","","0","0.9708287895310797","false","0","Nicaragua","1226","0.5408805031446541"
"EFS","0.0","0.0","","0.0","0.0","0","0","","true","New South Wales","New South Wales","0.0","0","0","","0","Infinity","false","0","New South Wales","0","0.0"
"EFS","0.0","0.0","","0.0","0.0","0","0","","true","New Caledonia","New Caledonia","0.0","0","0","","0","Infinity","false","0","New Caledonia","0","0.0"
"EFS","0.0","0.0","","0.0","0.0","0","0","","true","Nepal ","Nepal ","0.0","0","0","","0","Infinity","false","0","Nepal ","0","0.0"
"EFS","0.0","0.0","","0.0","0.0","0","0","","true","Nauru","Nauru","0.0","0","0","","0","Infinity","false","0","Nauru","0","0.0"
"EFS","0.0","0.0","","0.0","0.0","0","0","","true","Namibia","Namibia","0.0","0","0","","0","Infinity","false","0","Namibia","0","0.0"
"EFS","3.946564885496183","1.1552856595293539E-4","","0.25338491295938104","0.0","2","6","ASOSAI","false","Myanmar","Myanmar","10.5","0","2","","0","0.9649218466012359","false","0","Myanmar","536","0.6333333333333333"
"EFS","0.0","0.0","","0.0","0.0","0","0","","true","Mozambique","Mozambique","0.0","0","0","","0","Infinity","false","0","Mozambique","0","0.0"
"EFS","0.0","0.0","","0.0","0.0","0","0","","true","Montserrat","Montserrat","0.0","0","0","","0","Infinity","false","0","Montserrat","0","0.0"
"EFS","3.282442748091603","0.0015497072144257061","","0.3046511627906977","0.0","7","6","EUROSAI","false","Montenegro","Montenegro","12.4","0","7","","1","0.972828062522719","false","0","Montenegro","6746","0.2923076923076923"
"EFS","0.0","0.0","","0.0","0.0","0","0","","true","Mongolia","Mongolia","0.0","0","0","","0","Infinity","false","0","Mongolia","0","0.0"
"EFS","0.0","0.0","","0.0","0.0","0","0","","true","Monaco","Monaco","0.0","0","0","","0","Infinity","false","0","Monaco","0","0.0"
"EFS","2.931297709923664","0.001721379828490404","","0.3411458333333333","0.0","7","5","EUROSAI","false","Moldavia","Moldavia","23.166666666666668","0","7","","1","0.9770083605961468","false","0","Moldavia","20352","0.30787037037037035"
"EFS","3.7099236641221376","0.0017543401891813414","","0.26954732510288065","0.0","4","6","PASAI","false","Micronesia","Micronesia","9.75","0","4","","0","0.967739003998546","false","0","Micronesia","77664","0.546875"
"EFS","2.763358778625954","0.01270620234235866","","0.36187845303867405","0.0","29","5","OLACEFS","false","Mexico","Mexico","16.689655172413794","0","29","","0","0.9790076335877862","false","0","Mexico","221430","0.22098105876639146"
"EFS","0.0","0.0","","0.0","0.0","0","0","","true","Mauritius","Mauritius","0.0","0","0","","0","Infinity","false","0","Mauritius","0","0.0"
"EFS","0.0","0.0","","0.0","0.0","0","0","","true","Mauritania","Mauritania","0.0","0","0","","0","Infinity","false","0","Mauritania","0","0.0"
"EFS","0.0","0.0","","0.0","0.0","0","0","","true","Marruecos","Marruecos","0.0","0","0","","0","Infinity","false","0","Marruecos","0","0.0"
"EFS","0.0","0.0","","0.0","0.0","0","0","","true","Mancomunidad de las Islas Marianas del Norte","Mancomunidad de las Islas Marianas del Norte","0.0","0","0","","0","Infinity","false","0","Mancomunidad de las Islas Marianas del Norte","0","0.0"
"EFS","2.984732824427481","0.001887783972753604","","0.3350383631713555","0.0","5","5","EUROSAI","false","Malta","Malta","24.2","0","5","","0","0.9763722282806252","false","0","Malta","14934","0.34626865671641793"
"EFS","0.0","0.0","","0.0","0.0","0","0","","true","Mali","Mali","0.0","0","0","","0","Infinity","false","0","Mali","0","0.0"
"EFS","3.6412213740458017","4.150862149739635E-4","","0.2746331236897275","0.0","2","6","ASOSAI","false","Maldivas","Maldivas","9.5","0","2","","0","0.9685568884042167","false","0","Maldivas","1982","0.5"
"EFS","0.0","0.0","","0.0","0.0","0","0","","true","Malawi","Malawi","0.0","0","0","","0","Infinity","false","0","Malawi","0","0.0"
"EFS","0.0","0.0","","0.0","0.0","0","0","","true","Malasia","Malasia","0.0","0","0","","0","Infinity","false","0","Malasia","0","0.0"
"EFS","0.0","0.0","","0.0","0.0","0","0","","true","Madagascar","Madagascar","0.0","0","0","","0","Infinity","false","0","Madagascar","0","0.0"
"EFS","2.8396946564885495","0.009731814735705094","","0.3521505376344086","0.0","10","5","ASOSAI","false","Macedonia del Norte ","Macedonia del Norte ","18.88888888888889","0","10","","1","0.9780988731370411","false","0","Macedonia del Norte ","52634","0.22085048010973937"
"EFS","0.0","0.0","","0.0","0.0","0","0","","true","Luxemburgo","Luxemburgo","0.0","0","0","","0","Infinity","false","0","Luxemburgo","0","0.0"
"EFS","2.9770992366412212","0.002845181156752481","","0.3358974358974359","0.0","6","5","OLACEFS","false","Lituania","Lituania","18.833333333333332","0","6","","0","0.9764631043256997","false","0","Lituania","14742","0.26616915422885573"
"EFS","0.0","0.0","","0.0","0.0","0","0","","true","Liechtenstein","Liechtenstein","0.0","0","0","","0","Infinity","false","0","Liechtenstein","0","0.0"
"EFS","0.0","0.0","","0.0","0.0","0","0","","true","Libia","Libia","0.0","0","0","","0","Infinity","false","0","Libia","0","0.0"
"EFS","3.50381679389313","1.4739603816062716E-4","","0.28540305010893247","0.0","2","6","AFROSAI","false","Liberia","Liberia","19.0","0","2","","0","0.9701926572155579","false","0","Liberia","2106","0.72"
"EFS","0.0","0.0","","0.0","0.0","0","0","","true","Libano","Libano","0.0","0","0","","0","Infinity","false","0","Libano","0","0.0"
"EFS","2.954198473282443","0.004304413772155966","","0.33850129198966405","0.0","9","5","OLACEFS","false","Letonia","Letonia","15.625","0","9","","1","0.9767357324609233","false","0","Letonia","20484","0.21507352941176472"
"EFS","0.0","0.0","","0.0","0.0","0","0","","true","Lesotho","Lesotho","0.0","0","0","","0","Infinity","false","0","Lesotho","0","0.0"
"EFS","3.8473282442748094","8.574376315433468E-4","","0.2599206349206349","0.0","2","6","ARABOSAI","false","Kuwait","Kuwait","6.0","0","2","","0","0.9661032351872046","false","0","Kuwait","17870","0.5555555555555556"
"EFS","0.0","0.0","","0.0","0.0","0","0","","true","Kosovo","Kosovo","0.0","0","0","","0","Infinity","false","0","Kosovo","0","0.0"
"EFS","3.7709923664122136","4.2714371618594085E-4","","0.2651821862348178","0.0","2","6","PASAI","false","Kiribati","Kiribati","12.5","0","2","","0","0.9670119956379498","false","0","Kiribati","27814","0.8214285714285714"
"EFS","0.0","0.0","","0.0","0.0","0","0","","true","Kirguistan","Kirguistan","0.0","0","0","","0","Infinity","false","0","Kirguistan","0","0.0"
"EFS","0.0","0.0","","0.0","0.0","0","0","","true","Kenia","Kenia","0.0","0","0","","0","Infinity","false","0","Kenia","0","0.0"
"EFS","0.0","0.0","","0.0","0.0","0","0","","true","Kazajstan","Kazajstan","0.0","0","0","","0","Infinity","false","0","Kazajstan","0","0.0"
"EFS","3.7709923664122136","0.002819288142289359","","0.2651821862348178","0.0","5","6","ARABOSAI","false","Jordania","Jordania","5.0","0","5","","1","0.9670119956379498","false","0","Jordania","47748","0.36363636363636365"
"EFS","0.0","0.0","","0.0","0.0","0","0","","true","Japon","Japon","0.0","0","0","","0","Infinity","false","0","Japon","0","0.0"
"EFS","3.7404580152671754","0.0020363719037748184","","0.26734693877551025","0.0","3","6","CAROSAI","false","Jamaica","Jamaica","4.666666666666667","0","3","","0","0.9673754998182479","false","0","Jamaica","15936","0.3333333333333333"
"EFS","3.3282442748091605","0.0018031035728915854","","0.30045871559633025","0.0","4","6","ASOSAI","false","Italia","Italia","15.5","0","4","","0","0.9722828062522718","false","0","Italia","5268","0.32954545454545453"
"EFS","3.030534351145038","0.003240974525032961","","0.32997481108312343","0.0","4","6","ASOSAI","false","Israel","Israel","22.5","0","4","","0","0.9758269720101781","false","0","Israel","16774","0.32575757575757575"
"EFS","0.0","0.0","","0.0","0.0","0","0","","true","Islas Virgenes Britanica","Islas Virgenes Britanica","0.0","0","0","","0","Infinity","false","0","Islas Virgenes Britanica","0","0.0"
"EFS","0.0","0.0","","0.0","0.0","0","0","","true","Islas Turcas y Caicos","Islas Turcas y Caicos","0.0","0","0","","0","Infinity","false","0","Islas Turcas y Caicos","0","0.0"
"EFS","3.763358778625954","9.181417218708838E-4","","0.2657200811359026","0.0","3","6","PASAI","false","Islas Salomon","Islas Salomon","9.666666666666666","0","3","","0","0.9671028716830243","false","0","Islas Salomon","48626","0.6190476190476191"
"EFS","0.0","0.0","","0.0","0.0","0","0","","true","Islas Marshall","Islas Marshall","0.0","0","0","","0","Infinity","false","0","Islas Marshall","0","0.0"
"EFS","3.7709923664122136","4.2714371618594085E-4","","0.2651821862348178","0.0","2","6","PASAI","false","Islas Cook","Islas Cook","12.5","0","2","","0","0.9670119956379498","false","0","Islas Cook","27814","0.8214285714285714"
"EFS","0.0","0.0","","0.0","0.0","0","0","","true","Islas Caiman","Islas Caiman","0.0","0","0","","0","Infinity","false","0","Islas Caiman","0","0.0"
"EFS","3.114503816793893","2.522383243327687E-4","","0.32107843137254904","0.0","2","6","OLACEFS","false","Islandia","Islandia","30.5","0","2","","0","0.9748273355143583","false","0","Islandia","3908","0.5267857142857143"
"EFS","0.0","0.0","","0.0","0.0","0","0","","true","Irlanda","Irlanda","0.0","0","0","","0","Infinity","false","0","Irlanda","0","0.0"
"EFS","3.8396946564885495","9.59205244881508E-4","","0.26043737574552683","0.0","2","6","ARABOSAI","false","Iraq","Iraq","5.5","0","2","","0","0.9661941112322792","false","0","Iraq","20630","0.5"
"EFS","0.0","0.0","","0.0","0.0","0","0","","true","Iran","Iran","0.0","0","0","","0","Infinity","false","0","Iran","0","0.0"
"EFS","3.6412213740458017","4.150862149739636E-4","","0.2746331236897275","0.0","2","6","ASOSAI","false","Indonesia","Indonesia","9.5","0","2","","0","0.9685568884042167","false","0","Indonesia","1982","0.5"
"EFS","0.0","0.0","","0.0","0.0","0","0","","true","India","India","0.0","0","0","","0","Infinity","false","0","India","0","0.0"
"EFS","2.9236641221374047","0.00434049070321754","","0.34203655352480417","0.0","11","5","EUROSAI","false","Hungria","Hungria","17.22222222222222","0","11","","2","0.9770992366412213","false","0","Hungria","27524","0.22848200312989045"
"EFS","2.786259541984733","0.012055333419587136","","0.35890410958904106","0.0","27","5","OLACEFS","false","Honduras","Honduras","16.77777777777778","0","27","","0","0.9787350054525626","false","0","Honduras","195448","0.2253968253968254"
"EFS","0.0","0.0","","0.0","0.0","0","0","","true","Haiti","Haiti","0.0","0","0","","0","Infinity","false","0","Haiti","0","0.0"
"EFS","3.7404580152671754","0.0012403843265286329","","0.26734693877551025","0.0","2","6","CAROSAI","false","Guyana","Guyana","8.5","0","2","","0","0.9673754998182479","false","0","Guyana","13010","0.6818181818181818"
"EFS","0.0","0.0","","0.0","0.0","0","0","","true","Guinea Ecuatorial","Guinea Ecuatorial","0.0","0","0","","0","Infinity","false","0","Guinea Ecuatorial","0","0.0"
"EFS","0.0","0.0","","0.0","0.0","0","0","","true","Guinea Bissau","Guinea Bissau","0.0","0","0","","0","Infinity","false","0","Guinea Bissau","0","0.0"
"EFS","0.0","0.0","","0.0","0.0","0","0","","true","Guinea","Guinea","0.0","0","0","","0","Infinity","false","0","Guinea","0","0.0"
"EFS","2.8396946564885495","0.009261777526018212","","0.3521505376344086","0.0","22","5","OLACEFS","false","Guatemala","Guatemala","17.136363636363637","0","22","","0","0.9780988731370411","false","0","Guatemala","150926","0.23729946524064172"
"EFS","0.0","0.0","","0.0","0.0","0","0","","true","Guam","Guam","0.0","0","0","","0","Infinity","false","0","Guam","0","0.0"
"EFS","0.0","0.0","","0.0","0.0","0","0","","true","Grecia","Grecia","0.0","0","0","","0","Infinity","false","0","Grecia","0","0.0"
"EFS","0.0","0.0","","0.0","0.0","0","0","","true","Granada","Granada","0.0","0","0","","0","Infinity","false","0","Granada","0","0.0"
"EFS","3.3435114503816794","3.4589463392554505E-4","","0.2990867579908676","0.0","2","6","AFROSAI","false","Ghana","Ghana","20.0","0","2","","0","0.9721010541621228","false","0","Ghana","2686","0.59375"
"EFS","2.954198473282443","0.0035814861679879535","","0.33850129198966405","0.0","7","5","EUROSAI","false","Georgia","Georgia","19.333333333333332","0","7","","1","0.9767357324609233","false","0","Georgia","21308","0.26570048309178745"
"EFS","0.0","0.0","","0.0","0.0","0","0","","true","Gambia","Gambia","0.0","0","0","","0","Infinity","false","0","Gambia","0","0.0"
"EFS","0.0","0.0","","0.0","0.0","0","0","","true","Gabon","Gabon","0.0","0","0","","0","Infinity","false","0","Gabon","0","0.0"
"EFS","3.4732824427480917","4.322343156969144E-4","","0.2879120879120879","0.0","2","7","OLACEFS","false","Francia","Francia","29.5","0","2","","0","0.9705561613958561","false","0","Francia","1670","0.5377358490566038"
"EFS","2.885496183206107","0.011650659604127407","","0.34656084656084657","0.0","11","6","OLACEFS","false","Finlandia","Finlandia","15.7","0","11","","1","0.977553616866594","false","0","Finlandia","71448","0.19090909090909092"
"EFS","3.6412213740458017","4.1508621497396355E-4","","0.2746331236897275","0.0","2","6","ASOSAI","false","Filipinas","Filipinas","9.5","0","2","","0","0.9685568884042167","false","0","Filipinas","1982","0.5"
"EFS","3.7557251908396947","0.0014073493376847246","","0.266260162601626","0.0","4","6","PASAI","false","Fiji","Fiji","9.25","0","4","","0","0.9671937477280989","false","0","Fiji","76488","0.5892857142857143"
"EFS","0.0","0.0","","0.0","0.0","0","0","","true","Federacion de Rusia","Federacion de Rusia","0.0","0","0","","0","Infinity","false","0","Federacion de Rusia","0","0.0"
"EFS","0.0","0.0","","0.0","0.0","0","0","","true","Etiopia","Etiopia","0.0","0","0","","0","Infinity","false","0","Etiopia","0","0.0"
"EFS","0.0","0.0","","0.0","0.0","0","0","","true","Eswatini","Eswatini","0.0","0","0","","0","Infinity","false","0","Eswatini","0","0.0"
"EFS","2.9618320610687023","0.0040535788440570365","","0.33762886597938147","0.0","9","6","OLACEFS","false","Estonia","Estonia","18.571428571428573","0","9","","2","0.9766448564158487","false","0","Estonia","24500","0.2510204081632653"
"EFS","0.0","0.0","","0.0","0.0","0","0","","true","Estados Unidos de America","Estados Unidos de America","0.0","0","0","","0","Infinity","false","0","Estados Unidos de America","0","0.0"
"EFS","2.931297709923664","0.00444796583144293","","0.3411458333333333","0.0","10","6","OLACEFS","false","Espana","Espana","23.666666666666668","0","10","","1","0.9770083605961468","false","0","Espana","57374","0.3148148148148148"
"EFS","3.0","0.003238081414185826","","0.3333333333333333","0.0","6","6","EUROSAI","false","Eslovenia","Eslovenia","18.5","0","6","","0","0.9761904761904762","false","0","Eslovenia","17978","0.26119402985074625"
"EFS","2.7938931297709924","0.018097265060914493","","0.35792349726775957","0.0","22","5","EUROSAI","false","Eslovaquia","Eslovaquia","11.38888888888889","0","22","","2","0.9786441294074881","false","0","Eslovaquia","82840","0.13319088319088318"
"EFS","0.0","0.0","","0.0","0.0","0","0","","true","Eritrea","Eritrea","0.0","0","0","","0","Infinity","false","0","Eritrea","0","0.0"
"EFS","0.0","0.0","","0.0","0.0","0","0","","true","Emiratos Arabes Unidos","Emiratos Arabes Unidos","0.0","0","0","","0","Infinity","false","0","Emiratos Arabes Unidos","0","0.0"
"EFS","2.900763358778626","0.0034197844273731897","","0.3447368421052632","0.0","15","5","OLACEFS","false","El Salvador","El Salvador","19.933333333333334","0","15","","0","0.977371864776445","false","0","El Salvador","64380","0.28258706467661693"
"EFS","3.8396946564885495","9.59205244881508E-4","","0.26043737574552683","0.0","2","6","ARABOSAI","false","Egipto","Egipto","5.5","0","2","","0","0.9661941112322792","false","0","Egipto","20630","0.5"
"EFS","2.7557251908396947","0.01984473939833729","","0.3628808864265928","0.0","31","5","OLACEFS","false","Ecuador","Ecuador","15.67741935483871","0","31","","0","0.9790985096328607","false","0","Ecuador","238692","0.20967741935483872"
"EFS","3.114503816793893","1.340249724721881E-4","","0.32107843137254904","0.0","2","6","OLACEFS","false","Dominica","Dominica","33.5","0","2","","0","0.9748273355143583","false","0","Dominica","1682","0.5701754385964912"
"EFS","0.0","0.0","","0.0","0.0","0","0","","true","Djibouti","Djibouti","0.0","0","0","","0","Infinity","false","0","Djibouti","0","0.0"
"EFS","0.0","0.0","","0.0","0.0","0","0","","true","Dinamarca","Dinamarca","0.0","0","0","","0","Infinity","false","0","Dinamarca","0","0.0"
"EFS","0.0","0.0","","0.0","0.0","0","0","","true","Curazao","Curazao","0.0","0","0","","0","Infinity","false","0","Curazao","0","0.0"
"EFS","2.9236641221374047","0.003808718605712525","","0.34203655352480417","0.0","15","5","OLACEFS","false","Cuba","Cuba","19.8","0","15","","0","0.9770992366412213","false","0","Cuba","85016","0.29375"
"EFS","2.984732824427481","0.003303233068412605","","0.3350383631713555","0.0","7","6","EUROSAI","false","Croacia","Croacia","18.0","0","7","","1","0.9763722282806252","false","0","Croacia","16102","0.2463768115942029"
"EFS","2.801526717557252","0.012823964804686543","","0.3569482288828338","0.0","26","5","OLACEFS","false","Costa Rica","Costa Rica","16.192307692307693","0","26","","0","0.9785532533624137","false","0","Costa Rica","187676","0.2201783723522854"
"EFS","3.50381679389313","1.4739603816062716E-4","","0.28540305010893247","0.0","2","6","AFROSAI","false","Costa de Marfil","Costa de Marfil","19.0","0","2","","0","0.9701926572155579","false","0","Costa de Marfil","2106","0.72"
"EFS","0.0","0.0","","0.0","0.0","0","0","","true","Congo","Congo","0.0","0","0","","0","Infinity","false","0","Congo","0","0.0"
"EFS","0.0","0.0","","0.0","0.0","0","0","","true","Comores","Comores","0.0","0","0","","0","Infinity","false","0","Comores","0","0.0"
"EFS","2.801526717557252","0.011121730922836585","","0.3569482288828338","0.0","26","5","OLACEFS","false","Colombia","Colombia","16.807692307692307","0","26","","0","0.9785532533624137","false","0","Colombia","175680","0.22909698996655517"
"EFS","3.0610687022900764","9.511955367144499E-4","","0.32668329177057354","0.0","5","5","OLACEFS","false","Chipre","Chipre","19.75","0","5","","1","0.9754634678298801","false","0","Chipre","10898","0.3232758620689655"
"EFS","0.0","0.0","","0.0","0.0","0","0","","true","China","China","0.0","0","0","","0","Infinity","false","0","China","0","0.0"
"EFS","2.763358778625954","0.014487589262570403","","0.36187845303867405","0.0","30","5","OLACEFS","false","Chile","Chile","16.166666666666668","0","30","","0","0.9790076335877862","false","0","Chile","225258","0.21666666666666667"
"EFS","3.053435114503817","0.0023644909039989654","","0.32749999999999996","0.0","5","5","OLACEFS","false","Canada","Canada","14.0","0","5","","0","0.9755543438749547","false","0","Canada","9326","0.22413793103448276"
"EFS","0.0","0.0","","0.0","0.0","0","0","","true","Camerun","Camerun","0.0","0","0","","0","Infinity","false","0","Camerun","0","0.0"
"EFS","0.0","0.0","","0.0","0.0","0","0","","true","Camboya","Camboya","0.0","0","0","","0","Infinity","false","0","Camboya","0","0.0"
"EFS","4.068702290076335","2.2565994509744528E-4","","0.2457786116322702","0.0","2","7","AFROSAI","false","Cabo Verde","Cabo Verde","17.5","0","2","","0","0.9634678298800436","false","0","Cabo Verde","514","0.55"
"EFS","0.0","0.0","","0.0","0.0","0","0","","true","Burundi","Burundi","0.0","0","0","","0","Infinity","false","0","Burundi","0","0.0"
"EFS","0.0","0.0","","0.0","0.0","0","0","","true","Burkina Faso","Burkina Faso","0.0","0","0","","0","Infinity","false","0","Burkina Faso","0","0.0"
"EFS","2.8625954198473282","0.010624171873694731","","0.34933333333333333","0.0","12","5","EUROSAI","false","Bulgaria","Bulgaria","17.1","0","12","","2","0.9778262450018176","false","0","Bulgaria","49496","0.2064102564102564"
"EFS","0.0","0.0","","0.0","0.0","0","0","","true","Brunei Darussalam","Brunei Darussalam","0.0","0","0","","0","Infinity","false","0","Brunei Darussalam","0","0.0"
"EFS","2.7251908396946565","0.0230122714941956","","0.3669467787114846","0.0","34","5","OLACEFS","false","Brasil","Brasil","14.794117647058824","0","34","","0","0.9794620138131588","false","0","Brasil","270076","0.19428334714167358"
"EFS","3.3435114503816794","3.4589463392554505E-4","","0.2990867579908676","0.0","2","6","AFROSAI","false","Botswana","Botswana","20.0","0","2","","0","0.9721010541621228","false","0","Botswana","2686","0.59375"
"EFS","3.2977099236641223","0.0011563405010817825","","0.3032407407407407","0.0","5","6","EUROSAI","false","Bosnia-Herzegovina","Bosnia-Herzegovina","13.5","0","5","","1","0.9726463104325701","false","0","Bosnia-Herzegovina","5078","0.32894736842105265"
"EFS","2.984732824427481","0.0016566760039280256","","0.3350383631713555","0.0","10","5","OLACEFS","false","Bolivia","Bolivia","21.2","0","10","","0","0.9763722282806252","false","0","Bolivia","24468","0.3258064516129032"
"EFS","0.0","0.0","","0.0","0.0","0","0","","true","Bielorrusia","Bielorrusia","0.0","0","0","","0","Infinity","false","0","Bielorrusia","0","0.0"
"EFS","3.6412213740458017","4.1508621497396355E-4","","0.2746331236897275","0.0","2","6","ASOSAI","false","Bhutan","Bhutan","9.5","0","2","","0","0.9685568884042167","false","0","Bhutan","1982","0.5"
"EFS","0.0","0.0","","0.0","0.0","0","0","","true","Bermuda","Bermuda","0.0","0","0","","0","Infinity","false","0","Bermuda","0","0.0"
"EFS","0.0","0.0","","0.0","0.0","0","0","","true","Benin","Benin","0.0","0","0","","0","Infinity","false","0","Benin","0","0.0"
"EFS","3.068702290076336","0.0036472284571159824","","0.32587064676616917","0.0","2","5","OLACEFS","false","Belice","Belice","31.0","0","2","","0","0.9753725917848056","false","0","Belice","11324","0.5"
"EFS","3.267175572519084","0.0017640161446157083","","0.3060747663551402","0.0","5","6","OLACEFS","false","Belgica","Belgica","18.75","0","5","","1","0.9730098146128681","false","0","Belgica","4462","0.3169642857142857"
"EFS","3.435114503816794","9.841159153329593E-5","","0.2911111111111111","0.0","2","6","EUROSAI","false","Belarus","Belarus","20.0","0","2","","0","0.9710105416212287","false","0","Belarus","658","0.5757575757575758"
"EFS","3.7404580152671754","0.0012403843265286329","","0.26734693877551025","0.0","2","6","CAROSAI","false","Barbados","Barbados","8.5","0","2","","0","0.9673754998182479","false","0","Barbados","13010","0.6818181818181818"
"EFS","0.0","0.0","","0.0","0.0","0","0","","true","Bangladesh","Bangladesh","0.0","0","0","","0","Infinity","false","0","Bangladesh","0","0.0"
"EFS","0.0","0.0","","0.0","0.0","0","0","","true","Bahrein","Bahrein","0.0","0","0","","0","Infinity","false","0","Bahrein","0","0.0"
"EFS","3.7404580152671754","0.0012403843265286329","","0.26734693877551025","0.0","2","6","CAROSAI","false","Bahamas","Bahamas","8.5","0","2","","0","0.9673754998182479","false","0","Bahamas","13010","0.6818181818181818"
"EFS","3.984732824427481","2.9252147397835376E-4","","0.2509578544061303","0.0","2","6","EUROSAI","false","Azerbaiyan","Azerbaiyan","17.5","0","2","","0","0.9644674663758633","false","0","Azerbaiyan","688","0.532258064516129"
"EFS","2.9389312977099236","0.007584487538626966","","0.34025974025974026","0.0","11","6","OLACEFS","false","Austria","Austria","15.0","0","11","","2","0.9769174845510723","false","0","Austria","44194","0.19718309859154928"
"EFS","0.0","0.0","","0.0","0.0","0","0","","true","Australia","Australia","0.0","0","0","","0","Infinity","false","0","Australia","0","0.0"
"EFS","0.0","0.0","","0.0","0.0","0","0","","true","Aruba","Aruba","0.0","0","0","","0","Infinity","false","0","Aruba","0","0.0"
"EFS","0.0","0.0","","0.0","0.0","0","0","","true","Armenia","Armenia","0.0","0","0","","0","Infinity","false","0","Armenia","0","0.0"
"EFS","2.900763358778626","0.009123997819484397","","0.3447368421052632","0.0","16","5","OLACEFS","false","Argentina","Argentina","16.5","0","16","","0","0.977371864776445","false","0","Argentina","71330","0.23484848484848486"
"EFS","3.8396946564885495","9.59205244881508E-4","","0.26043737574552683","0.0","2","6","ARABOSAI","false","Argelia","Argelia","5.5","0","2","","0","0.9661941112322792","false","0","Argelia","20630","0.5"
"EFS","0.0","0.0","","0.0","0.0","0","0","","true","Arabia Saudita","Arabia Saudita","0.0","0","0","","0","Infinity","false","0","Arabia Saudita","0","0.0"
"EFS","0.0","0.0","","0.0","0.0","0","0","","true","Antigua y Barbuda","Antigua y Barbuda","0.0","0","0","","0","Infinity","false","0","Antigua y Barbuda","0","0.0"
"EFS","0.0","0.0","","0.0","0.0","0","0","","true","Anguilla","Anguilla","0.0","0","0","","0","Infinity","false","0","Anguilla","0","0.0"
"EFS","0.0","0.0","","0.0","0.0","0","0","","true","Angola","Angola","0.0","0","0","","0","Infinity","false","0","Angola","0","0.0"
"EFS","0.0","0.0","","0.0","0.0","0","0","","true","Andorra","Andorra","0.0","0","0","","0","Infinity","false","0","Andorra","0","0.0"
"EFS","2.9083969465648853","0.004538254241056435","","0.34383202099737536","0.0","12","5","OLACEFS","false","Alemania","Alemania","16.0","0","12","","2","0.9772809887313704","false","0","Alemania","44778","0.20833333333333334"
"EFS","3.2290076335877864","0.003014664611139801","","0.30969267139479906","0.0","10","5","EUROSAI","false","Albania","Albania","13.75","0","10","","1","0.9734641948382406","false","0","Albania","13894","0.29651162790697677"
"EFS","0.0","0.0","","0.0","0.0","0","0","","true","Afganistan","Afganistan","0.0","0","0","","0","Infinity","false","0","Afganistan","0","0.0"
"INFORMES","2.8969465648854964","0.008339778894640625","Rendición de Cuentas","0.3451910408432147","0.0","4","5","","false","418","418","42.25","0","4","","0","0.9774173027989822","false","0","418","46206","0.4796511627906977"
"INFORMES","2.8206106870229006","0.0019017683714861987","Rendición de Cuentas","0.35453315290933696","0.0","4","5","","false","414","414","43.25","0","4","","0","0.9783260632497273","false","0","414","7860","0.48011363636363635"
"INFORMES","3.7213740458015265","3.9322478490347016E-5","Sector de Asuntos Sociales","0.26871794871794874","0.0","2","6","","false","403","403","17.5","0","2","","0","0.9676026899309342","false","0","403","290","0.6875"
"INFORMES","2.767175572519084","0.0025509589800857594","Rendición de Cuentas","0.36137931034482756","0.0","5","5","","false","388","388","39.0","0","5","","0","0.9789621955652491","false","0","388","18756","0.40860215053763443"
"INFORMES","2.7519083969465647","8.910960625417785E-4","Economía y Finanzas","0.3633841886269071","0.0","3","5","","false","369","369","42.666666666666664","0","3","","0","0.979143947655398","false","0","369","9132","0.4166666666666667"
"INFORMES","2.4923664122137406","0.015593216671946014","Auditoría Medioambiental","0.4012251148545176","0.0","22","5","","false","365","365","23.045454545454547","0","22","","0","0.9822337331879316","false","0","365","158346","0.1933811802232855"
"INFORMES","2.7061068702290076","0.0016782470835134974","Auditoría Medioambiental","0.3695345557122708","0.0","4","5","","false","358","358","36.25","0","4","","0","0.9796892039258451","false","0","358","13532","0.3357142857142857"
"INFORMES","3.286259541984733","0.001907707556474463","Cultura y Educación","0.3042973286875726","0.0","12","6","","false","355","355","23.333333333333332","0","12","","0","0.9727826245001817","false","0","355","46802","0.42138364779874216"
"INFORMES","3.286259541984733","0.001907707556474463","Cultura y Educación","0.3042973286875726","0.0","12","6","","false","354","354","23.333333333333332","0","12","","0","0.9727826245001817","false","0","354","46802","0.42138364779874216"
"INFORMES","2.7595419847328246","0.009686729991619425","Auditoría Medioambiental","0.3623789764868603","0.0","9","5","","false","346","346","16.444444444444443","0","9","","0","0.9790530716103236","false","0","346","36076","0.16430260047281323"
"INFORMES","2.8053435114503817","0.0020571705022896145","Auditoría Medioambiental","0.3564625850340136","0.0","5","5","","false","284","284","36.0","0","5","","0","0.9785078153398763","false","0","284","8950","0.39325842696629215"
"INFORMES","2.782442748091603","0.05895221493319153","Sector de Asuntos Sociales","0.35939643347050754","0.0","15","5","","false","328","328","14.266666666666667","0","15","","0","0.9787804434751001","false","0","328","571968","0.149063670411985"
"INFORMES","2.7213740458015265","0.0039023821953204064","Auditoría Medioambiental","0.3674614305750351","0.0","7","5","","false","319","319","30.428571428571427","0","7","","0","0.9795074518356961","false","0","319","23612","0.30338733431516934"
"INFORMES","2.881679389312977","0.0017826978619578805","Rendición de Cuentas","0.3470198675496689","0.0","4","5","","false","432","432","42.75","0","4","","0","0.9775990548891312","false","0","432","6236","0.48546511627906974"
"INFORMES","3.4923664122137406","2.3996532351765236E-4","Sector Sanitario","0.2863387978142076","0.0","2","6","","false","428","428","20.5","0","2","","0","0.9703289712831697","false","0","428","1396","0.527027027027027"
"INFORMES","2.8893129770992365","0.005672340177192602","Rendición de Cuentas","0.34610303830911493","0.0","4","5","","false","412","412","42.25","0","4","","0","0.9775081788440567","false","0","412","14126","0.4796511627906977"
"INFORMES","2.7595419847328246","0.001774796159594195","Rendición de Cuentas","0.3623789764868603","0.0","4","5","","false","402","402","45.75","0","4","","0","0.9790530716103236","false","0","402","15584","0.4710526315789474"
"INFORMES","3.33206106870229","0.00488599660620035","Rendición de Cuentas","0.30011454753722794","0.0","10","6","","false","438","438","9.0","0","10","","0","0.9722373682297347","false","0","438","14116","0.16666666666666666"
"INFORMES","2.7442748091603053","0.00467934486545828","Sector de Asuntos Sociales","0.36439499304589706","0.0","6","5","","false","385","385","22.5","0","6","","0","0.9792348237004725","false","0","385","17564","0.22631578947368422"
"INFORMES","2.5916030534351147","0.01020548039756415","Auditoría Medioambiental","0.38586156111929304","0.0","17","5","","false","381","381","26.0","0","17","","0","0.981052344601963","false","0","381","107246","0.2336448598130841"
"INFORMES","2.736641221374046","0.0012417915437331617","Economía y Finanzas","0.36541143654114366","0.0","4","5","","false","371","371","35.75","0","4","","0","0.9793256997455471","false","0","371","11024","0.34405940594059403"
"INFORMES","2.5","0.019636154388029937","Energía","0.4","0.0","20","5","","false","353","353","26.15","0","20","","0","0.9821428571428571","false","0","353","286982","0.22657657657657657"
"INFORMES","2.812977099236641","0.0017712764882373572","Auditoría Medioambiental","0.35549525101763907","0.0","4","5","","false","282","282","29.0","0","4","","0","0.9784169392948018","false","0","282","6678","0.3111111111111111"
"INFORMES","2.7442748091603053","0.011532214213873465","Empleo","0.36439499304589706","0.0","8","5","","false","256","256","24.625","0","8","","0","0.9792348237004725","false","0","256","34288","0.2540322580645161"
"INFORMES","2.7519083969465647","0.007198226063488627","Economía y Finanzas","0.3633841886269071","0.0","8","5","","false","251","251","25.25","0","8","","0","0.979143947655398","false","0","251","41264","0.26358695652173914"
"INFORMES","3.2786259541984735","0.0014047699961849418","Agricultura","0.30500582072176946","0.0","12","6","","false","239","239","24.666666666666668","0","12","","0","0.9728735005452562","false","0","239","12054","0.40804597701149425"
"INFORMES","2.5","0.019636154388029937","Energía","0.4","0.0","20","5","","false","305","305","26.15","0","20","","0","0.9821428571428571","false","0","305","286982","0.22657657657657657"
"INFORMES","2.5","0.019636154388029937","Energía","0.4","0.0","20","5","","false","304","304","26.15","0","20","","0","0.9821428571428571","false","0","304","286982","0.22657657657657657"
"INFORMES","2.736641221374046","0.006576871254659975","Economía y Finanzas","0.36541143654114366","0.0","8","5","","false","308","308","26.5","0","8","","0","0.9793256997455471","false","0","308","37590","0.2712765957446808"
"INFORMES","3.881679389312977","0.006107652452355831","Sector Sanitario","0.2576204523107178","0.0","2","6","","false","434","434","9.5","0","2","","0","0.9656942929843693","false","0","434","26546","0.5"
"INFORMES","2.8893129770992365","0.008539667540049875","Rendición de Cuentas","0.34610303830911493","0.0","4","5","","false","431","431","42.25","0","4","","0","0.9775081788440567","false","0","431","37698","0.4796511627906977"
"INFORMES","2.8969465648854964","0.008339778894640618","Rendición de Cuentas","0.3451910408432147","0.0","4","5","","false","401","401","42.25","0","4","","0","0.9774173027989822","false","0","401","46206","0.4796511627906977"
"INFORMES","3.622137404580153","0.004643147313714118","Rendición de Cuentas","0.27608008429926234","0.0","7","6","","false","390","390","7.428571428571429","0","7","","0","0.9687840785169028","false","0","390","29570","0.24725274725274726"
"INFORMES","2.6297709923664123","0.01483880859237181","Auditoría Medioambiental","0.38026124818577645","0.0","14","5","","false","387","387","14.428571428571429","0","14","","0","0.9805979643765903","false","0","387","69180","0.13428571428571429"
"INFORMES","3.286259541984733","0.006663786538312587","Agricultura","0.3042973286875726","0.0","12","6","","false","386","386","22.25","0","12","","0","0.9727826245001817","false","0","386","78284","0.37280701754385964"
"INFORMES","2.7061068702290076","0.01397389112105548","Rendición de Cuentas","0.3695345557122708","0.0","10","5","","false","439","439","24.7","0","10","","0","0.9796892039258451","false","0","439","58910","0.24947368421052632"
"INFORMES","2.736641221374046","0.006497528141353623","Auditoría Medioambiental","0.36541143654114366","0.0","9","5","","false","350","350","27.77777777777778","0","9","","0","0.9793256997455471","false","0","350","33518","0.28793309438470727"
"INFORMES","3.286259541984733","0.0011119851417696204","Agricultura","0.3042973286875726","0.0","11","6","","false","301","301","25.727272727272727","0","11","","0","0.9727826245001817","false","0","301","10096","0.4263322884012539"
"INFORMES","3.7519083969465647","0.0012919100577103693","Sector de Asuntos Sociales","0.26653102746693796","0.0","4","6","","false","445","445","8.75","0","4","","0","0.9672391857506362","false","0","445","5748","0.2980769230769231"
"INFORMES","2.7442748091603053","0.0034497892900628878","Contratación Pública","0.36439499304589706","0.0","7","5","","false","274","274","33.285714285714285","0","7","","0","0.9792348237004725","false","0","274","23974","0.34715821812596004"
"INFORMES","2.83587786259542","0.010928552680053124","Auditoría Medioambiental","0.3526244952893674","0.0","8","5","","false","258","258","24.75","0","8","","0","0.9781443111595782","false","0","258","174488","0.26685393258426965"
"INFORMES","2.545801526717557","0.04544623670320561","Auditoría Medioambiental","0.39280359820089955","0.0","17","5","","false","255","255","14.647058823529411","0","17","","0","0.9815976008724101","false","0","255","95076","0.12406417112299466"
"INFORMES","3.3473282442748094","0.00335496307054694","Energía","0.298745724059293","0.0","9","6","","false","236","236","9.555555555555555","0","9","","0","0.9720556161395857","false","0","236","14546","0.21388888888888888"
"INFORMES","3.2786259541984735","0.0013069225864232674","Energía","0.30500582072176946","0.0","13","6","","false","315","315","23.53846153846154","0","13","","0","0.9728735005452562","false","0","315","25320","0.4599686028257457"
"INFORMES","2.713740458015267","0.004496703952533275","Cultura y Educación","0.36849507735583686","0.0","6","5","","false","324","324","24.0","0","6","","0","0.9795983278807706","false","0","324","17860","0.22330097087378642"
"INFORMES","2.7900763358778624","7.992131470810315E-4","Rendición de Cuentas","0.35841313269493846","0.0","4","5","","false","430","430","37.75","0","4","","0","0.9786895674300256","false","0","430","8618","0.39095744680851063"
"INFORMES","2.8969465648854964","0.0038460063271430313","Rendición de Cuentas","0.3451910408432147","0.0","4","5","","false","419","419","42.5","0","4","","0","0.9774173027989822","false","0","419","43740","0.48255813953488375"
"INFORMES","2.8969465648854964","0.0026958420155364237","Rendición de Cuentas","0.3451910408432147","0.0","4","5","","false","413","413","42.75","0","4","","0","0.9774173027989822","false","0","413","43734","0.48546511627906974"
"INFORMES","2.7595419847328246","7.016230738728161E-4","Contratación Pública","0.3623789764868603","0.0","4","5","","false","408","408","39.25","0","4","","0","0.9790530716103236","false","0","408","10070","0.3903061224489796"
"INFORMES","2.8893129770992365","0.005672340177192601","Rendición de Cuentas","0.34610303830911493","0.0","4","5","","false","404","404","42.25","0","4","","0","0.9775081788440567","false","0","404","14126","0.4796511627906977"
"INFORMES","2.5916030534351147","0.00839469599430611","Auditoría Medioambiental","0.38586156111929304","0.0","14","5","","false","378","378","28.714285714285715","0","14","","0","0.981052344601963","false","0","378","96244","0.254259501965924"
"INFORMES","2.7061068702290076","0.004787389367088803","Auditoría Medioambiental","0.3695345557122708","0.0","9","5","","false","372","372","23.11111111111111","0","9","","0","0.9796892039258451","false","0","372","22000","0.22111111111111112"
"INFORMES","2.904580152671756","0.020804113400575478","Auditoría Medioambiental","0.34428383705650456","0.0","5","5","","false","363","363","21.0","0","5","","0","0.9773264267539077","false","0","363","84046","0.23255813953488372"
"INFORMES","3.7900763358778624","2.976123352809486E-4","Infraestructuras","0.2638469284994965","0.0","4","6","","false","344","344","8.0","0","4","","0","0.9667848055252636","false","0","344","1212","0.3888888888888889"
"INFORMES","3.5229007633587788","0.0010862588809426698","Economía y Finanzas","0.28385698808234017","0.0","6","6","","false","295","295","10.666666666666666","0","6","","0","0.9699654671028717","false","0","295","3228","0.2543859649122807"
"INFORMES","3.4083969465648853","0.0020668286244301445","Rendición de Cuentas","0.2933930571108623","0.0","8","6","","false","447","447","10.0","0","8","","0","0.9713286077789893","false","0","447","11334","0.225"
"INFORMES","3.7061068702290076","2.560805351023905E-4","Economía y Finanzas","0.2698249227600412","0.0","3","6","","false","257","257","10.333333333333334","0","3","","0","0.9677844420210833","false","0","257","810","0.358974358974359"
"INFORMES","2.7900763358778624","0.002963729495065061","Economía y Finanzas","0.35841313269493846","0.0","6","5","","false","241","241","26.833333333333332","0","6","","0","0.9786895674300256","false","0","241","11418","0.2807971014492754"
"INFORMES","2.5916030534351147","0.010772117686041686","Auditoría Medioambiental","0.38586156111929304","0.0","14","5","","false","218","218","27.428571428571427","0","14","","0","0.981052344601963","false","0","218","91818","0.24246395806028834"
"INFORMES","3.377862595419847","0.0011486260525766174","Transportes","0.296045197740113","0.0","12","6","","false","217","217","24.916666666666668","0","12","","0","0.9716921119592876","false","0","217","10850","0.4880952380952381"
"INFORMES","3.2786259541984735","0.0013069225864232674","Energía","0.30500582072176946","0.0","13","6","","false","316","316","23.53846153846154","0","13","","0","0.9728735005452562","false","0","316","25320","0.4599686028257457"
"INFORMES","3.782442748091603","1.1958830313884488E-4","Sector de Asuntos Sociales","0.26437941473259335","0.0","2","6","","false","436","436","11.5","0","2","","0","0.9668756815703381","false","0","436","2028","0.5526315789473685"
"INFORMES","3.5610687022900764","9.50960039439057E-5","Sector de Asuntos Sociales","0.2808145766345123","0.0","2","6","","false","426","426","21.5","0","2","","0","0.9695110868774991","false","0","426","678","0.6212121212121212"
"INFORMES","2.8893129770992365","0.0056723401771926","Rendición de Cuentas","0.34610303830911493","0.0","4","5","","false","417","417","42.25","0","4","","0","0.9775081788440567","false","0","417","14126","0.4796511627906977"
"INFORMES","2.7900763358778624","0.001270907363260928","Rendición de Cuentas","0.35841313269493846","0.0","4","5","","false","411","411","46.25","0","4","","0","0.9786895674300256","false","0","411","10140","0.49184782608695654"
"INFORMES","2.767175572519084","6.237239239721105E-4","Contratación Pública","0.36137931034482756","0.0","4","5","","false","406","406","39.25","0","4","","0","0.9789621955652491","false","0","406","8624","0.3903061224489796"
"INFORMES","2.568702290076336","0.020195952505510144","Auditoría Medioambiental","0.38930163447251115","0.0","17","5","","false","393","393","14.352941176470589","0","17","","0","0.9813249727371866","false","0","393","92014","0.12717086834733893"
"INFORMES","3.1106870229007635","0.015131191915380615","Auditoría Medioambiental","0.3214723926380368","0.0","6","5","","false","382","382","10.666666666666666","0","6","","0","0.9748727735368957","false","0","382","35900","0.19333333333333333"
"INFORMES","2.5916030534351147","0.00839469599430611","Auditoría Medioambiental","0.38586156111929304","0.0","14","5","","false","380","380","28.714285714285715","0","14","","0","0.981052344601963","false","0","380","96244","0.254259501965924"
"INFORMES","2.713740458015267","0.012014440483777583","Auditoría Medioambiental","0.36849507735583686","0.0","9","5","","false","373","373","15.666666666666666","0","9","","0","0.9795983278807706","false","0","373","41116","0.1527777777777778"
"INFORMES","2.4923664122137406","0.015593216671946014","Auditoría Medioambiental","0.4012251148545176","0.0","22","5","","false","362","362","23.045454545454547","0","22","","0","0.9822337331879316","false","0","362","158346","0.1933811802232855"
"INFORMES","2.8282442748091605","0.001044005024632576","Impuestos","0.35357624831309037","0.0","3","5","","false","384","384","37.333333333333336","0","3","","0","0.9782351872046527","false","0","384","5176","0.3992673992673993"
"INFORMES","2.8969465648854964","0.00833977889464062","Rendición de Cuentas","0.3451910408432147","0.0","4","5","","false","400","400","42.25","0","4","","0","0.9774173027989822","false","0","400","46206","0.4796511627906977"
"INFORMES","3.4083969465648853","6.689436113760159E-4","Sector de Asuntos Sociales","0.2933930571108623","0.0","8","6","","false","448","448","22.75","0","8","","0","0.9713286077789893","false","0","448","5808","0.47282608695652173"
"INFORMES","2.683206106870229","0.004008214681544735","Impuestos","0.37268847795163584","0.0","7","5","","false","287","287","26.0","0","7","","0","0.9799618320610687","false","0","287","21466","0.24752475247524752"
"INFORMES","2.7900763358778624","0.04548341914365968","Contratación Pública","0.35841313269493846","0.0","9","5","","false","271","271","19.88888888888889","0","9","","0","0.9786895674300256","false","0","271","139174","0.21711366538952745"
"INFORMES","2.7977099236641223","0.051758336801947094","Contratación Pública","0.35743519781718963","0.0","15","5","","false","226","226","13.0","0","15","","0","0.978598691384951","false","0","226","77772","0.13953488372093023"
"INFORMES","2.713740458015267","0.004496703952533275","Cultura y Educación","0.36849507735583686","0.0","6","5","","false","323","323","24.0","0","6","","0","0.9795983278807706","false","0","323","17860","0.22330097087378642"
"INFORMES","2.8969465648854964","0.008339778894640623","Rendición de Cuentas","0.3451910408432147","0.0","4","5","","false","435","435","42.25","0","4","","0","0.9774173027989822","false","0","435","46206","0.4796511627906977"
"INFORMES","2.8893129770992365","0.0056723401771926005","Rendición de Cuentas","0.34610303830911493","0.0","4","5","","false","424","424","42.25","0","4","","0","0.9775081788440567","false","0","424","14126","0.4796511627906977"
"INFORMES","2.881679389312977","0.007934821018474307","Rendición de Cuentas","0.3470198675496689","0.0","4","5","","false","421","421","42.5","0","4","","0","0.9775990548891312","false","0","421","35900","0.47701149425287354"
"INFORMES","2.7519083969465647","6.408341176880542E-4","Contratación Pública","0.3633841886269071","0.0","4","5","","false","416","416","39.5","0","4","","0","0.979143947655398","false","0","416","9364","0.3888888888888889"
"INFORMES","2.7748091603053435","6.988937616565154E-4","Contratación Pública","0.3603851444291609","0.0","4","5","","false","415","415","38.25","0","4","","0","0.9788713195201746","false","0","415","9356","0.3880208333333333"
"INFORMES","2.7595419847328246","6.718797854188322E-4","Contratación Pública","0.3623789764868603","0.0","4","5","","false","405","405","40.25","0","4","","0","0.9790530716103236","false","0","405","10104","0.39646464646464646"
"INFORMES","2.713740458015267","0.007189706739623767","Sector Sanitario","0.36849507735583686","0.0","9","5","","false","389","389","24.555555555555557","0","9","","0","0.9795983278807706","false","0","389","47584","0.24537037037037038"
"INFORMES","3.2709923664122136","0.0040963394313007885","Auditoría Medioambiental","0.3057176196032672","0.0","12","6","","false","379","379","23.416666666666668","0","12","","0","0.9729643765903307","false","0","379","25194","0.3736111111111111"
"INFORMES","2.7519083969465647","8.910960625417785E-4","Infraestructuras","0.3633841886269071","0.0","3","5","","false","368","368","42.666666666666664","0","3","","0","0.979143947655398","false","0","368","9132","0.4166666666666667"
"INFORMES","3.8206106870229006","5.884310079478195E-5","Economía y Finanzas","0.26173826173826176","0.0","2","7","","false","342","342","11.0","0","2","","0","0.9664213013449654","false","0","342","270","0.5555555555555556"
"INFORMES","2.7061068702290076","0.003002609711105037","Impuestos","0.3695345557122708","0.0","6","5","","false","334","334","28.666666666666668","0","6","","0","0.9796892039258451","false","0","334","16522","0.27946127946127947"
"INFORMES","2.881679389312977","0.005025501534764142","Rendición de Cuentas","0.3470198675496689","0.0","4","5","","false","440","440","42.25","0","4","","0","0.9775990548891312","false","0","440","7890","0.4796511627906977"
"INFORMES","2.8969465648854964","0.0038460063271430313","Rendición de Cuentas","0.3451910408432147","0.0","4","5","","false","433","433","42.5","0","4","","0","0.9774173027989822","false","0","433","43740","0.48255813953488375"
"INFORMES","2.767175572519084","0.0010451704431658848","Contratación Pública","0.36137931034482756","0.0","4","5","","false","427","427","38.75","0","4","","0","0.9789621955652491","false","0","427","10294","0.38917525773195877"
"INFORMES","3.8740458015267176","0.0011936696706869707","Sector Sanitario","0.258128078817734","0.0","2","6","","false","420","420","10.0","0","2","","0","0.9657851690294438","false","0","420","7284","0.5"
"INFORMES","2.622137404580153","0.006369241439929411","Infraestructuras","0.3813682678311499","0.0","14","5","","false","370","370","28.428571428571427","0","14","","0","0.9806888404216648","false","0","370","88980","0.2587601078167116"
"INFORMES","3.6374045801526718","0.001987632203615593","Sector Sanitario","0.27492130115424973","0.0","4","6","","false","366","366","8.25","0","4","","0","0.9686023264267538","false","0","366","10764","0.29"
"INFORMES","3.622137404580153","4.2009067050016643E-4","Sector de Asuntos Sociales","0.27608008429926234","0.0","3","6","","false","449","449","12.666666666666666","0","3","","0","0.9687840785169028","false","0","449","1046","0.40229885057471265"
"INFORMES","2.812977099236641","0.0017712764882373572","Auditoría Medioambiental","0.35549525101763907","0.0","4","5","","false","286","286","29.0","0","4","","0","0.9784169392948018","false","0","286","6678","0.3111111111111111"
"INFORMES","2.5229007633587788","0.01431428322687505","Auditoría Medioambiental","0.39636913767019666","0.0","19","5","","false","277","277","24.57894736842105","0","19","","0","0.9818702290076337","false","0","277","135500","0.21052631578947367"
"INFORMES","2.6374045801526718","0.015983055353367328","Auditoría Medioambiental","0.3791606367583213","0.0","15","5","","false","243","243","14.066666666666666","0","15","","0","0.9805070883315158","false","0","243","70020","0.13066666666666665"
"ODS","3.1526717557251906","0.0037737474371126794","","0.31719128329297824","0.0","8","5","","false","17","17","16.125","0","8","17. Alianzas para Lograr los Objetivos","0","0.9743729552889858","false","0","17","82944","0.34375"
"ODS","3.0076335877862594","0.010705906601055337","","0.33248730964467005","0.0","12","5","","false","7","7","14.25","0","12","7. Energía Asequible y no Contaminante","0","0.9760996001454016","false","0","7","150084","0.23660714285714285"
"INFORMES","2.5","0.019636154388029937","Energía","0.4","0.0","20","5","","false","237","237","26.15","0","20","","0","0.9821428571428571","false","0","237","286982","0.22657657657657657"
"INFORMES","3.377862595419847","0.0011486260525766174","Infraestructuras","0.296045197740113","0.0","12","6","","false","309","309","24.916666666666668","0","12","","0","0.9716921119592876","false","0","309","10850","0.4880952380952381"
"INFORMES","3.645038167938931","6.473127082178611E-4","Cultura y Educación","0.2743455497382199","0.0","3","6","","false","18","18","8.666666666666666","0","3","","0","0.9685114503816793","false","0","18","3680","0.3333333333333333"
"INFORMES","3.1946564885496183","0.005395431365721028","Sector de Asuntos Sociales","0.3130227001194743","0.0","18","6","","false","306","306","20.22222222222222","0","18","","0","0.973873137041076","false","0","306","119094","0.33723196881091616"
"INFORMES","2.7442748091603053","0.0037162531423568126","Impuestos","0.36439499304589706","0.0","6","5","","false","336","336","33.166666666666664","0","6","","0","0.9792348237004725","false","0","336","23440","0.3385964912280702"
"ODS","3.198473282442748","0.012845716574068699","","0.3126491646778043","0.0","13","6","","false","8","8","8.615384615384615","0","13","8. Trabajo Decente y Crecimiento Económico","0","0.9738276990185387","false","0","8","59108","0.20040485829959515"
"INFORMES","2.6603053435114505","0.015421737766127054","Economía y Finanzas","0.375896700143472","0.0","12","5","","false","329","329","20.75","0","12","","0","0.9802344601962922","false","0","329","83066","0.1975"
"INFORMES","3.3702290076335877","8.438164855948119E-4","Auditoría Medioambiental","0.2967157417893545","0.0","2","5","","false","423","423","24.0","0","2","","0","0.9717829880043621","false","0","423","8334","0.5227272727272727"
"INFORMES","2.8587786259541983","0.005920957899990205","Rendición de Cuentas","0.3497997329773031","0.0","5","5","","false","422","422","35.4","0","5","","0","0.9778716830243548","false","0","422","54546","0.39090909090909093"
"INFORMES","3.599236641221374","5.396210667816694E-5","Sector de Asuntos Sociales","0.27783669141039236","0.0","2","6","","false","410","410","25.0","0","2","","0","0.9690567066521264","false","0","410","618","0.6153846153846154"
"INFORMES","2.736641221374046","7.818305351597853E-4","Contratación Pública","0.36541143654114366","0.0","4","5","","false","409","409","40.5","0","4","","0","0.9793256997455471","false","0","409","10632","0.3910891089108911"
"ODS","3.068702290076336","0.006477409991368945","","0.32587064676616917","0.0","22","6","","false","12","12","7.318181818181818","0","22","12. Producción y Consumo Responsables","0","0.9753725917848056","false","0","12","26188","0.1541019955654102"
"ODS","3.030534351145038","0.011418495523013212","","0.32997481108312343","0.0","25","6","","false","2","2","7.84","0","25","2. Hambre Cero","0","0.9758269720101781","false","0","2","70372","0.15906976744186047"
"INFORMES","2.7595419847328246","7.016230738728161E-4","Contratación Pública","0.3623789764868603","0.0","4","5","","false","407","407","39.25","0","4","","0","0.9790530716103236","false","0","407","10070","0.3903061224489796"
"ODS","3.2748091603053435","0.0031451309306208463","","0.30536130536130535","0.0","10","6","","false","10","10","5.7","0","10","10. Reducción de las Desigualdades","0","0.9729189385677935","false","0","10","11594","0.17407407407407408"
"INFORMES","2.713740458015267","0.0024620222800736838","Control de Fronteras","0.36849507735583686","0.0","5","5","","false","367","367","31.0","0","5","","0","0.9795983278807706","false","0","367","16474","0.2912621359223301"
"INFORMES","3.33206106870229","0.002890115997503575","Sector de Asuntos Sociales","0.30011454753722794","0.0","13","6","","false","446","446","21.923076923076923","0","13","","0","0.9722373682297347","false","0","446","48168","0.41025641025641024"
"INFORMES","3.2786259541984735","0.0072082209361565425","Sector Sanitario","0.30500582072176946","0.0","11","6","","false","444","444","23.09090909090909","0","11","","0","0.9728735005452562","false","0","444","79102","0.3944805194805195"
"ODS","3.1603053435114505","0.0021056298643606377","","0.3164251207729468","0.0","10","5","","false","13","13","14.2","0","10","13. Acción por el Clima","0","0.9742820792439113","false","0","13","16520","0.33"
"ODS","2.946564885496183","0.036825753996558734","","0.33937823834196895","0.0","17","5","","false","3","3","11.176470588235293","0","17","3. Salud y Bienestar","0","0.9768266085059978","false","0","3","156326","0.17248255234297108"
"INFORMES","2.812977099236641","0.0017712764882373572","Auditoría Medioambiental","0.35549525101763907","0.0","4","5","","false","285","285","29.0","0","4","","0","0.9784169392948018","false","0","285","6678","0.3111111111111111"
"INFORMES","3.5839694656488548","3.86211731769952E-4","Cultura y Educación","0.2790202342917998","0.0","4","6","","false","270","270","10.75","0","4","","0","0.9692384587422757","false","0","270","1246","0.375"
"ODS","2.946564885496183","0.011213839326846503","","0.33937823834196895","0.0","15","5","","false","11","11","12.8","0","15","11. Ciudades y Comunidades Sostenibles","0","0.9768266085059978","false","0","11","65928","0.19344262295081968"
"ODS","3.3206106870229006","0.004202464433637986","","0.30114942528735633","0.0","11","6","","false","9","9","10.363636363636363","0","11","9. Industria, Innovación e Infraestructura","0","0.9723736822973463","false","0","9","23876","0.37454545454545457"
"INFORMES","2.7900763358778624","0.005660366477821327","Infraestructuras","0.35841313269493846","0.0","6","5","","false","244","244","21.833333333333332","0","6","","0","0.9786895674300256","false","0","244","16074","0.22401433691756273"
"INFORMES","3.286259541984733","0.001907707556474463","Cultura y Educación","0.3042973286875726","0.0","12","6","","false","240","240","23.333333333333332","0","12","","0","0.9727826245001817","false","0","240","46802","0.42138364779874216"
"INFORMES","3.1946564885496183","0.005395431365721028","Sector de Asuntos Sociales","0.3130227001194743","0.0","18","6","","false","238","238","20.22222222222222","0","18","","0","0.973873137041076","false","0","238","119094","0.33723196881091616"
"ODS","3.0610687022900764","0.0025654243137662033","","0.32668329177057354","0.0","8","5","","false","14","14","15.875","0","8","14. Vida Submarina","0","0.9754634678298801","false","0","14","16826","0.27045454545454545"
"ODS","2.9389312977099236","0.015562111168788584","","0.34025974025974026","0.0","16","5","","false","4","4","11.6875","0","16","4. Educación de Calidad","0","0.9769174845510723","false","0","4","71114","0.17520491803278687"
"INFORMES","2.4923664122137406","0.015593216671946014","Auditoría Medioambiental","0.4012251148545176","0.0","22","5","","false","364","364","23.045454545454547","0","22","","0","0.9822337331879316","false","0","364","158346","0.1933811802232855"
"ODS","3.2061068702290076","0.0011468232809235142","","0.3119047619047619","0.0","8","6","","false","15","15","16.125","0","8","15. Vida de Ecosistemas Terrestres","0","0.9737368229734642","false","0","15","5658","0.38782051282051283"
"ODS","3.0381679389312977","0.02366176074613795","","0.32914572864321606","0.0","19","6","","false","5","5","11.052631578947368","0","19","5. Igualdad de Género","0","0.9757360959651036","false","0","5","101202","0.20515574650912996"
"INFORMES","2.7290076335877864","0.0039590354150540975","Auditoría Medioambiental","0.3664335664335664","0.0","6","5","","false","250","250","24.833333333333332","0","6","","0","0.9794165757906216","false","0","250","17826","0.23597359735973597"
"INFORMES","2.812977099236641","0.0012701415897533393","Rendición de Cuentas","0.35549525101763907","0.0","4","5","","false","429","429","44.75","0","4","","0","0.9784169392948018","false","0","429","8158","0.49157303370786515"
"ODS","2.564885496183206","0.05889937877017241","","0.3898809523809524","0.0","40","5","","false","16","16","7.589743589743589","0","40","16. Paz, Justicia e Instituciones Sólidas","1","0.9813704107597238","false","0","16","352284","0.07574417919245506"
"ODS","2.404580152671756","0.09806146878178898","","0.41587301587301584","0.0","45","4","","false","6","6","7.568181818181818","0","45","6. Agua Limpia y Saneamiento","1","0.9832788077062886","false","0","6","455660","0.06568181818181819"
"ODS","1.9770992366412214","0.36352897620166197","","0.5057915057915058","0.0","85","4","","false","1","1","8.095238095238095","0","85","1. Fin de la Pobreza","1","0.9883678662304616","false","0","1","1622596","0.06116584564860427"
"INFORMES","2.8435114503816794","0.009065377675064377","Rendición de Cuentas","0.3516778523489933","0.0","9","5","","false","425","425","30.166666666666668","0","9","","3","0.9780534351145038","false","0","425","98140","0.32771535580524347"
"EFS","3.946564885496183","1.1552856595293539E-4","","0.25338491295938104","0.0","2","6","ASOSAI","false","Thailand","Thailand","10.5","0","2","","0","0.9649218466012359","false","0","Thailand","536","0.6333333333333333"
"EFS","3.4732824427480917","4.322343156969144E-4","","0.2879120879120879","0.0","2","7","OLACEFS","false","Greece","Greece","29.5","0","2","","0","0.9705561613958561","false","0","Greece","1670","0.5377358490566038"
"EFS","3.50381679389313","1.4739603816062716E-4","","0.28540305010893247","0.0","2","6","AFROSAI","false","Chad","Chad","19.0","0","2","","0","0.9701926572155579","false","0","Chad","2106","0.72"
"EFS","3.50381679389313","1.4739603816062716E-4","","0.28540305010893247","0.0","2","6","AFROSAI","false","Kenya","Kenya","19.0","0","2","","0","0.9701926572155579","false","0","Kenya","2106","0.72"
"EFS","3.50381679389313","1.4739603816062716E-4","","0.28540305010893247","0.0","2","6","AFROSAI","false","Zimbabue","Zimbabue","19.0","0","2","","0","0.9701926572155579","false","0","Zimbabue","2106","0.72"
"GR","3.530534351145038","0.02387887396221492","","0.28324324324324324","0.0","15","6","","false","ASOSAI","ASOSAI","4.466666666666667","0","15","","0","0.9698745910577972","false","0","ASOSAI","79572","0.11555555555555555"
"GR","4.614503816793893","9.192606117336413E-4","","0.21670802315963608","0.0","10","7","","false","PASAI","PASAI","2.7","0","10","","0","0.9569701926572155","false","0","PASAI","312","0.2833333333333333"
"GR","4.599236641221374","0.0027984342243711716","","0.2174273858921162","0.0","8","7","","false","CAROSAI","CAROSAI","2.125","0","8","","0","0.9571519447473645","false","0","CAROSAI","8440","0.225"
"EFS","3.4122137404580153","2.9967664800866227E-4","","0.2930648769574944","0.0","3","6","EUROSAI","false","Holanda","Holanda","17.0","0","3","","0","0.9712831697564522","false","0","Holanda","2382","0.4444444444444444"
"GR","3.3473282442748094","0.04230589595104892","","0.298745724059293","0.0","26","6","","false","AFROSAI","AFROSAI","4.391304347826087","0","26","","3","0.9720556161395857","false","0","AFROSAI","107320","0.08695652173913043"
"GR","2.4923664122137406","0.15043910378680486","","0.4012251148545176","0.0","68","6","","false","OLACEFS","OLACEFS","11.245283018867925","0","68","","13","0.9822337331879316","false","0","OLACEFS","892356","0.10245283018867925"
"GR","4.637404580152672","0.0013816359845150398","","0.21563786008230454","0.0","8","7","","false","ARABOSAI","ARABOSAI","2.2857142857142856","0","8","","1","0.956697564521992","false","0","ARABOSAI","610","0.16071428571428573"
"GR","3.187022900763359","0.037452843801620304","","0.3137724550898204","0.0","57","6","","false","EUROSAI","EUROSAI","7.387096774193548","0","57","","20","0.9739640130861505","false","0","EUROSAI","171070","0.12051125989044431"
"INFORMES","3.7595419847328246","8.176028686880613E-4","Auditoría Medioambiental","0.265989847715736","0.0","6","6","","false","233","233","5.833333333333333","0","6","","0","0.9671483097055616","false","0","233","9246","0.28431372549019607"
